{
    "version": 1,
    "author": "Keysia Nurya",
    "editor": "wokwi",
    "parts": [
      { "type": "board-esp32-devkit-c-v4", "id": "esp", "top": 0, "left": 0, "attrs": {} },
      { "type": "wokwi-relay-module", "id": "relay1", "top": 9.8, "left": 124.8, "attrs": {} },
      {
        "type": "wokwi-led",
        "id": "led1",
        "top": 140.4,
        "left": 157.4,
        "attrs": { "color": "red" }
      },
      {
        "type": "wokwi-pushbutton",
        "id": "btn1",
        "top": 83,
        "left": 172.8,
        "attrs": { "color": "green", "xray": "1" }
      }
    ],
    "connections": [
      [ "esp:TX", "$serialMonitor:RX", "", [] ],
      [ "esp:RX", "$serialMonitor:TX", "", [] ],
      [ "esp:GND.2", "relay1:GND", "black", [ "v9.6", "h-4.76", "v-9.6" ] ],
      [ "relay1:VCC", "esp:3V3", "red", [ "h0" ] ],
      [ "btn1:2.l", "esp:GND.2", "green", [ "h0" ] ],
      [ "relay1:IN", "esp:23", "green", [ "h0" ] ],
      [ "btn1:1.l", "esp:19", "green", [ "h0" ] ],
      [ "led1:C", "esp:GND.2", "green", [ "v0" ] ],
      [ "led1:A", "esp:18", "green", [ "v0" ] ]
    ],
    "dependencies": {}
  }